id_intervention,id_equipement,id_technicien,date_intervention,type_intervention,commentaire
1,193,32,2025-04-09,Contrôle,Peau donner coeur étude remplacer tenter.
2,111,11,2025-05-10,Réparation,Élever groupe traîner soleil règle entre entrer éclater.
3,220,39,2025-12-26,Contrôle,Montrer soldat besoin lorsque déclarer quoi parti intelligence.
4,196,17,2025-05-05,Réparation,Pousser chose intérêt violence achever.
5,96,7,2026-03-16,Remplacement,Coûter agir ressembler chaîne mouvement placer suivant.
6,149,13,2025-09-27,Maintenance,Croiser chien parent.
7,178,4,2026-02-23,Contrôle,Emmener fleur homme connaissance.
8,286,18,2026-02-08,Remplacement,Haute page appeler avant guerre.
9,202,27,2026-03-14,Maintenance,Couleur essuyer leur étranger choisir là.
10,266,20,2025-11-18,Contrôle,Suivre douter user tendre mouvement crise.
11,209,6,2025-11-19,Remplacement,Dos nécessaire rocher madame titre oeuvre puis bouche.
12,229,11,2025-06-18,Réparation,Bleu serrer fatiguer sentir phrase.
13,10,28,2024-05-31,Réparation,Gloire huit tôt vue tout désir.
14,216,44,2025-09-29,Remplacement,Mieux étage marché eh là.
15,289,39,2024-09-22,Contrôle,Descendre papa inviter être source.
16,275,3,2025-01-25,Réparation,Désigner caresser figure dans léger.
17,100,3,2026-03-08,Contrôle,Poursuivre puissance maintenir sembler gagner.
18,140,10,2024-04-17,Réparation,Nourrir vague voler saint devant.
19,107,50,2025-11-21,Réparation,Quelque chemise ainsi tempête sujet notre former vague.
20,231,18,2025-08-28,Maintenance,Rappeler couleur fer fuir honte couche pousser être.
21,265,13,2026-01-06,Contrôle,Demander rond après amener tout rester rang doucement.
22,44,20,2025-12-28,Maintenance,Surtout céder humain comme réponse mode.
23,49,27,2025-01-26,Réparation,Vide rose mentir discussion baisser coûter reprendre subir.
24,134,22,2025-01-06,Réparation,Chaque paraître blanc chercher cela.
25,71,13,2024-11-30,Contrôle,Espérer village silencieux poussière ordre.
26,214,11,2026-02-27,Maintenance,Delà debout éternel combat chercher été exiger attention.
27,24,48,2024-06-05,Remplacement,Autour deviner confier moyen lier travers.
28,68,10,2024-11-18,Remplacement,Écraser habiter chacun sang nommer seconde de.
29,33,31,2026-01-26,Remplacement,Entier hôtel épaule calmer contraire ruine mauvais.
30,88,29,2024-07-10,Remplacement,Assister intéresser énorme colon demande camarade entier.
31,293,33,2025-04-10,Maintenance,Recherche parmi fermer éclat souvenir.
32,233,23,2024-06-03,Contrôle,Malgré général encore intention.
33,205,4,2025-05-28,Réparation,Police vendre qualité lire écarter moment.
34,110,44,2025-06-06,Remplacement,Somme nuage un choix vers satisfaire vaincre.
35,266,15,2024-04-16,Remplacement,Froid vous produire.
36,291,32,2025-07-07,Contrôle,Différent dieu pierre marché veille contenter.
37,108,29,2025-06-01,Maintenance,Contenter vrai tache banc derrière absence préparer fier.
38,188,36,2025-03-20,Réparation,Important droit larme dur.
39,157,16,2025-05-19,Contrôle,Mon chambre de droite poche.
40,78,17,2025-11-27,Contrôle,Droite coin supporter votre auprès jaune travail.
41,143,33,2024-05-16,Maintenance,Réclamer police mine réfléchir habitude éteindre le.
42,253,36,2025-10-31,Remplacement,Dormir bruit devoir larme que.
43,179,7,2025-02-25,Remplacement,Continuer conseil autorité crier fumer.
44,198,33,2024-05-02,Remplacement,Préparer même tuer distinguer front foule dire.
45,277,7,2025-06-06,Remplacement,Précipiter revoir dangereux haïr verser énergie.
46,43,29,2024-03-20,Contrôle,Fort début interrompre oeuvre.
47,122,7,2025-11-08,Réparation,Saison mon rideau quelque exprimer semblable.
48,172,28,2025-02-01,Maintenance,Titre matin chute second public prix.
49,119,22,2025-12-27,Contrôle,Fine examiner ci puis.
50,4,19,2024-06-24,Remplacement,Avec court joindre second.
51,104,48,2025-02-03,Contrôle,Il et couche protéger.
52,283,48,2025-11-20,Remplacement,Grandir toute si premier.
53,177,4,2024-04-17,Remplacement,Approcher proposer longtemps voisin témoin bord autour.
54,92,38,2025-08-30,Réparation,Impression respect direction où fin nu apporter preuve.
55,241,27,2025-03-27,Réparation,Rare veiller demain politique nuit.
56,97,50,2026-02-27,Remplacement,Siège pierre glisser écrire expliquer main.
57,255,30,2024-12-11,Remplacement,Sou roman entourer permettre affaire.
58,3,15,2025-08-03,Remplacement,Mari considérer vent perdu montagne sentiment servir.
59,150,38,2024-12-08,Réparation,L'Un appeler joie.
60,117,17,2024-11-25,Réparation,Cheveu arbre maintenir cheval ni tête.
61,279,49,2025-06-16,Remplacement,Énergie étroit mettre déposer.
62,55,34,2025-04-06,Maintenance,Dehors bien haine.
63,212,39,2024-06-16,Maintenance,Arbre bande précis devant blond fer attaquer.
64,183,37,2024-06-04,Maintenance,Réel défendre lutte.
65,142,22,2024-09-19,Remplacement,Mince résistance enfermer terme demander prévoir peu.
66,107,10,2024-08-19,Réparation,Classe rayon cheval respirer briser.
67,77,50,2025-09-05,Réparation,Remonter lui sauter lien école habitude silence.
68,234,3,2024-08-04,Maintenance,Sembler clef menacer rien impression contre vaste pourquoi.
69,131,8,2024-05-13,Maintenance,Entretenir malgré espace vraiment personne professeur posséder calmer.
70,13,50,2024-10-08,Réparation,Nous action soumettre très.
71,267,29,2024-12-08,Remplacement,Camarade chambre aussi note établir.
72,70,27,2025-04-25,Maintenance,Calmer tout votre bien dominer très.
73,257,47,2024-09-21,Maintenance,Parent avec accuser maître enfance règle.
74,289,24,2025-12-30,Maintenance,Garder siècle curieux mensonge.
75,104,8,2024-12-09,Maintenance,Commencement ami sable fil prison marquer d'autres ne.
76,168,28,2024-08-10,Maintenance,Aucun répéter courir pleurer révolution double.
77,210,11,2025-11-24,Remplacement,Oui dos rapide bataille nez porte projet.
78,72,17,2026-01-22,Contrôle,Chaud grâce tel dès rencontre compter avouer pas.
79,101,24,2025-10-04,Maintenance,Cesser bientôt tour dame vendre chemise unique.
80,229,8,2025-08-29,Remplacement,Lequel eaux famille acte rassurer magnifique poids.
81,5,22,2024-09-19,Réparation,Poser autrefois bruit respecter commander.
82,243,38,2025-02-22,Contrôle,Grâce deux paraître fin.
83,274,8,2024-06-27,Maintenance,Chemise dix quel hôtel boire passé.
84,75,4,2024-05-27,Maintenance,Effort vers tuer plaire naissance.
85,202,9,2024-03-31,Contrôle,Peuple quartier ennemi mener confiance repousser courant.
86,143,34,2025-11-16,Réparation,Son seuil ouvrir peser oreille âge.
87,8,16,2025-07-08,Réparation,Mur âgé dernier défaut d'autres.
88,19,11,2025-11-07,Contrôle,Répandre miser joli verser tout que qualité.
89,132,18,2024-04-25,Contrôle,Veiller phrase même accrocher.
90,271,10,2025-02-25,Réparation,Produire séparer amuser réclamer dessiner.
91,19,15,2024-09-27,Réparation,Appuyer départ doute offrir chance dont idée.
92,288,9,2025-01-03,Remplacement,Foi continuer miser cheval disposer flamme.
93,199,10,2025-07-15,Maintenance,Impression séparer prononcer vouloir épaule empire.
94,258,31,2025-11-04,Réparation,Abandonner ton exprimer.
95,133,30,2025-05-13,Remplacement,Société déposer vers.
96,223,38,2024-09-21,Remplacement,Animal falloir presser rond conscience droite.
97,184,28,2025-12-29,Contrôle,Chemin président fin.
98,80,47,2024-12-28,Maintenance,Apparence delà présence calme retenir terrain savoir miser.
99,267,28,2025-09-08,Maintenance,Vision mensonge huit fête vous frère.
100,19,25,2025-07-11,Maintenance,Mode comment quelqu'un principe trait attacher désirer.
101,253,37,2025-02-01,Remplacement,Accompagner autre tout.
102,201,3,2025-10-10,Maintenance,Aussi frapper anglais soldat crainte.
103,55,46,2026-03-04,Réparation,Rond taille former franc rôle mais.
104,108,35,2024-06-05,Contrôle,Violent tantôt aussitôt fin loi position.
105,46,2,2025-05-04,Maintenance,Asseoir éclat violent unique.
106,299,41,2025-03-30,Réparation,Fenêtre où clef environ quinze révéler plaire.
107,284,21,2024-04-14,Réparation,Soleil céder finir hier.
108,263,1,2024-08-07,Contrôle,Escalier toile art liberté échapper.
109,216,27,2025-05-02,Réparation,Complètement sentir revoir bas chef déclarer.
110,193,42,2024-09-21,Contrôle,Suffire tellement acheter bon lettre vaincre.
111,261,48,2025-01-24,Contrôle,Environ jeu réunir perte fenêtre paupière.
112,269,34,2026-02-17,Contrôle,Volonté genou silence subir.
113,158,46,2025-07-12,Remplacement,Tâche village gris endroit jardin produire.
114,37,30,2026-02-08,Réparation,Mesure sueur désirer dessus expression.
115,231,21,2025-06-18,Maintenance,Avis représenter horizon autrefois.
116,100,15,2024-10-29,Réparation,Éternel sept calmer cinq.
117,202,40,2025-12-14,Réparation,Comme pleurer titre maison consulter près.
118,270,21,2024-06-24,Réparation,Mois malade vue.
119,269,47,2025-12-15,Remplacement,Mal soumettre propre chaque appartenir déchirer poste chat.
120,234,21,2025-10-30,Contrôle,Fois voiture énergie banc nous risquer.
121,254,17,2025-05-24,Réparation,Mesure maintenant suivant mal colon vin doigt.
122,11,39,2025-02-17,Réparation,Prêt désir monde pièce.
123,175,45,2025-08-29,Remplacement,Ton abattre étrange plein jardin venir naissance.
124,212,17,2024-09-16,Maintenance,Nul souffrir chef éteindre propos.
125,261,21,2025-09-05,Remplacement,Précis cependant revenir secours ou.
126,241,37,2026-02-24,Contrôle,Abri second vaste verre vague seconde.
127,276,12,2025-12-19,Réparation,Arme dos cour.
128,243,31,2024-05-24,Contrôle,Ni reste volonté cou reposer.
129,39,49,2025-05-18,Maintenance,Sérieux devenir lumière preuve vif ressembler.
130,289,6,2024-09-16,Contrôle,Importer yeux demande suite produire fauteuil.
131,220,49,2024-05-06,Contrôle,Prier paquet cour sourire glace.
132,77,10,2025-06-23,Contrôle,Avouer voici glace remonter apparaître réel doigt.
133,239,26,2024-11-27,Maintenance,Renverser train deux reconnaître gouvernement refuser trou.
134,264,21,2025-07-03,Maintenance,Corps léger recueillir.
135,97,26,2026-03-08,Contrôle,Portier renoncer fête former atteindre.
136,4,14,2025-01-08,Remplacement,Ruine après assister froid violent seuil chute.
137,98,28,2025-11-29,Réparation,Emmener joie reconnaître conclure but ordre vérité.
138,150,49,2024-11-03,Remplacement,Passage cas léger pièce parfaitement prier.
139,105,35,2024-04-06,Réparation,Votre peine creuser chien.
140,241,16,2024-09-22,Maintenance,Apparence désormais goutte capable rond secret sans.
141,296,46,2025-12-02,Maintenance,Rouge vent semblable jeu plutôt carte.
142,255,22,2024-09-29,Contrôle,Tout impression briller.
143,155,9,2024-04-07,Remplacement,Éteindre parfaitement devant trois cause.
144,268,16,2025-12-11,Maintenance,Curiosité trois époque amour pays.
145,294,47,2025-02-17,Réparation,Interroger glace quarante précis soleil.
146,222,4,2025-06-12,Remplacement,Pierre main environ aimer conduire.
147,195,1,2024-04-22,Réparation,Souvenir cela exister vendre cependant pouvoir hasard.
148,230,27,2024-06-16,Maintenance,Agent relation perte réserver fatiguer.
149,129,41,2026-02-14,Réparation,Recommencer passé signe expérience consulter village.
150,152,17,2026-01-03,Réparation,Étouffer produire politique se unique prendre intéresser.
151,145,31,2025-04-27,Réparation,Tapis près marcher sauver.
152,179,1,2024-06-13,Réparation,De prêt remettre besoin entrer fier affirmer.
153,196,16,2025-10-07,Réparation,Prêt moyen sauvage.
154,158,40,2025-11-15,Maintenance,Genre agir asseoir large.
155,100,13,2025-04-29,Contrôle,Simple main tuer connaissance suite maladie reposer marche.
156,138,38,2024-10-03,Remplacement,Dos année embrasser et.
157,196,23,2025-11-03,Maintenance,Palais âme rassurer pièce.
158,43,23,2026-01-13,Réparation,Tout renoncer muet douceur ton.
159,68,5,2025-08-28,Remplacement,Pas tel froid pouvoir tache contre.
160,91,20,2024-03-30,Maintenance,Surprendre paysage maître demande maître puissant.
161,63,12,2025-06-10,Contrôle,Grand dans mais siècle.
162,89,7,2026-01-30,Contrôle,Voici sans afin de poésie mariage fidèle phrase.
163,218,24,2026-01-30,Contrôle,D'Autres fonction surveiller verre jamais vous tout.
164,185,23,2024-07-21,Remplacement,Rejoindre est petit effet ailleurs diriger ce cela.
165,126,29,2024-06-07,Maintenance,Plante anglais femme pas éviter prince.
166,208,25,2025-05-11,Réparation,Fidèle causer décider vingt signe sec.
167,115,22,2024-08-03,Maintenance,Vide lien toi diriger vérité jeune indiquer.
168,35,41,2025-12-19,Réparation,Banc oh forme.
169,2,22,2024-11-21,Réparation,Défaut après rocher tenir discuter foi.
170,183,36,2025-04-02,Remplacement,Qui effort sourire accord fin.
171,219,22,2024-04-01,Réparation,Songer état dur parvenir.
172,70,24,2025-05-31,Réparation,Confiance soin assez roi.
173,260,46,2024-07-30,Remplacement,Rouge arrêter avancer frais remplacer.
174,50,11,2025-01-02,Remplacement,Haute réveiller comment vêtement.
175,179,34,2024-03-27,Maintenance,Observer oeuvre imposer chemin mémoire officier.
176,197,10,2026-01-16,Remplacement,Guère changer fin obtenir supposer anglais instinct.
177,15,29,2024-12-22,Contrôle,Inutile sien résistance craindre.
178,247,26,2024-07-05,Réparation,Million paysan haïr.
179,198,31,2026-03-19,Réparation,Attendre intérieur verre appeler auteur cour.
180,235,43,2024-12-09,Maintenance,Supporter renoncer important revoir seul passion elle appel.
181,112,3,2024-05-28,Remplacement,Seul trop étoile effet prendre simple.
182,123,9,2026-01-10,Contrôle,Faveur vite entourer me hier davantage roi.
183,54,5,2025-10-11,Réparation,Soumettre geste allumer terre.
184,111,29,2025-05-06,Réparation,Courage madame liberté consulter.
185,249,27,2024-04-11,Réparation,Jeu léger chaise maladie conduire gens.
186,281,50,2024-11-17,Maintenance,Éclater trois déclarer voir race.
187,244,21,2025-07-29,Maintenance,Convenir comprendre lequel nouveau prince.
188,232,14,2024-09-20,Maintenance,Choisir surtout sac révéler importer certes bon.
189,247,28,2024-05-24,Maintenance,Remettre après frère juge.
190,288,39,2026-02-14,Remplacement,Caractère rose trace arrière ordre.
191,115,19,2025-07-20,Réparation,Trou noire droite effet poche rassurer étendre.
192,114,1,2025-06-29,Réparation,Huit poser table.
193,98,13,2024-09-02,Remplacement,Couleur reste cause avenir jaune.
194,240,12,2025-06-19,Remplacement,Suite général blanc vaste étouffer résistance propre est.
195,18,40,2025-08-23,Contrôle,Expression comment désir ennemi sauver.
196,128,47,2025-12-11,Maintenance,Cacher rose place marchand en comprendre est.
197,171,41,2025-08-11,Contrôle,Trouver court cela vide complet étaler créer solitude.
198,39,20,2024-07-23,Maintenance,Fortune oui poussière rire posséder peuple trembler absolument.
199,34,39,2025-04-24,Maintenance,Recommencer avis détacher seul troubler famille naturellement.
200,50,12,2025-03-25,Réparation,Argent françois dix crise.
201,51,2,2026-01-27,Réparation,Montagne construire midi marcher.
202,60,32,2025-07-20,Maintenance,Toute feu sou.
203,235,44,2024-08-22,Réparation,Beau si couvrir ton réveiller grandir genou.
204,38,6,2025-04-22,Réparation,Membre malgré regard expliquer main bas interroger tant.
205,45,45,2024-08-05,Réparation,Beau avec devoir briller douter.
206,223,18,2025-03-31,Remplacement,Pourquoi depuis vouloir gauche de affirmer presser voyager.
207,9,35,2026-02-20,Remplacement,Image roman vers surtout.
208,214,46,2026-03-04,Réparation,Exiger vieillard propos page aussitôt combien.
209,203,29,2025-04-22,Remplacement,Lors maladie commencer.
210,115,22,2025-08-19,Réparation,Vivant doux craindre moment témoin commander.
211,146,37,2025-06-04,Remplacement,Distance habitude vide seigneur bien manquer muet.
212,165,11,2025-06-24,Remplacement,Brûler époque clair long neuf.
213,153,25,2025-03-27,Maintenance,Public bleu cheveu vague ramener.
214,281,20,2024-08-04,Contrôle,Erreur beaux partager trou pencher demeurer.
215,59,2,2025-12-14,Contrôle,Cri poète partir soir glace question.
216,12,1,2024-08-02,Réparation,Travail facile événement maintenant problème petit sans répéter.
217,38,32,2025-09-10,Remplacement,Jambe six cinq brûler peur petit dernier.
218,213,7,2025-11-10,Réparation,Nouveau train respect facile ci planche bon.
219,185,5,2025-12-14,Maintenance,Attention roman public essuyer.
220,99,29,2025-02-20,Réparation,Malgré religion professeur larme résistance.
221,276,25,2025-11-16,Contrôle,Chat sans complètement précéder race savoir aucun.
222,274,35,2025-08-08,Remplacement,Espace franc tout soulever problème cours or chiffre.
223,9,29,2025-11-23,Remplacement,Franc morceau cabinet lettre.
224,18,7,2024-10-09,Réparation,Pourquoi travail tenter promettre.
225,225,50,2025-07-12,Contrôle,Représenter bonheur mort rapporter groupe route côté.
226,274,43,2025-05-12,Remplacement,Gens herbe commander réussir fine inquiéter.
227,165,10,2024-11-21,Remplacement,Supporter planche pencher ministre vert.
228,144,3,2024-08-13,Réparation,Petit troisième éteindre exiger seulement but.
229,36,1,2025-06-19,Maintenance,Sommeil mince public retirer.
230,11,31,2024-08-14,Contrôle,Établir arrêter gouvernement faveur.
231,246,48,2024-10-08,Réparation,Pouvoir cours habitude voir.
232,98,11,2024-12-10,Maintenance,Lutter discussion exprimer sentir remarquer regarder doucement.
233,65,38,2024-10-16,Maintenance,Maintenir détail travailler folie corps mériter.
234,46,49,2025-06-27,Réparation,Tâche rideau poète.
235,17,37,2025-05-06,Maintenance,Paysan éprouver accrocher retirer frère prince siège.
236,213,8,2024-07-17,Maintenance,Geste détacher conversation aucun malheur toute haut espérer.
237,57,19,2025-09-22,Maintenance,Protéger mériter pourquoi.
238,211,42,2025-03-15,Maintenance,Plaisir répondre si mari entourer abri naissance oser.
239,236,35,2026-01-17,Réparation,Genou cela votre plante un.
240,98,47,2024-12-22,Remplacement,Village colline patron.
241,197,41,2025-12-13,Contrôle,Abattre nouveau mais lumière essayer haute.
242,168,10,2025-12-07,Contrôle,Nous cerveau non derrière craindre souvent.
243,233,19,2025-01-07,Maintenance,Selon extraordinaire angoisse même haine jamais.
244,300,21,2025-08-07,Maintenance,Extraordinaire escalier éloigner flamme.
245,251,35,2025-02-07,Réparation,Dire aucun projet divers gauche.
246,69,23,2024-10-25,Contrôle,Saluer droite mot exécuter.
247,20,26,2025-03-25,Réparation,Sac journal curiosité aile quartier dessus.
248,296,20,2025-08-10,Maintenance,Disposer peuple lui vieux beau doute.
249,41,35,2025-10-26,Remplacement,Complètement importer liberté regretter.
250,32,15,2025-08-05,Contrôle,Présent pont plaine rapporter soirée salle oncle.
251,177,40,2024-12-01,Contrôle,Cabinet poche aventure déclarer comment long jour.
252,24,50,2024-06-06,Contrôle,Mourir déchirer essayer gouvernement examiner hésiter.
253,93,21,2024-09-27,Maintenance,Ton secrétaire visite conversation former abri pleurer.
254,40,41,2026-02-27,Contrôle,Précieux second donc flot matin.
255,66,24,2024-08-26,Réparation,Meilleur nation épaule vieillard étranger.
256,137,50,2024-06-01,Réparation,Briser présent rester supérieur.
257,89,23,2024-09-22,Remplacement,Larme suffire sentier plein fonder chair très flot.
258,278,20,2024-09-01,Maintenance,Raconter double rouge lien vieux journée maladie anglais.
259,289,25,2026-03-02,Contrôle,Agiter élever point as tour danser.
260,74,2,2024-11-11,Contrôle,Prendre goût objet vêtement faute garçon autant.
261,250,19,2025-06-28,Réparation,Etc prix compagnon côte battre continuer quelqu'un soit.
262,60,47,2025-02-27,Réparation,Amour retenir sourire nu devant empêcher poser choix.
263,243,42,2024-11-21,Remplacement,Recommencer soulever soin alors prêter accent devant pencher.
264,16,4,2024-05-19,Maintenance,Passé pitié garçon gagner traverser.
265,139,8,2025-08-15,Maintenance,Répéter jour aventure naturel.
266,300,17,2026-01-17,Contrôle,Paysan forêt tenter jambe ignorer.
267,54,10,2025-03-19,Réparation,Oser juste contenir écraser moment remplir falloir feu.
268,36,19,2024-03-27,Maintenance,Mêler presser gagner croiser.
269,75,8,2025-05-23,Contrôle,Livrer repas sueur.
270,237,40,2024-03-23,Remplacement,Coûter plante parler ici figure rocher.
271,220,10,2024-03-27,Maintenance,Herbe confiance champ seul étude autant pourquoi interrompre.
272,51,9,2025-04-25,Remplacement,Feuille avec peine événement suffire effet but.
273,247,26,2025-06-27,Réparation,Dernier source nouveau moment imaginer loin.
274,138,9,2024-10-20,Remplacement,Pluie beau rapidement mieux agiter.
275,153,48,2025-09-14,Réparation,Morceau annoncer danser chiffre importer.
276,197,36,2024-10-09,Contrôle,Passion entraîner posséder reculer.
277,212,25,2026-01-27,Contrôle,Armer celui relever ramasser.
278,69,31,2024-11-16,Réparation,Pouvoir port vieux accrocher demander fatigue entourer.
279,221,21,2025-01-24,Remplacement,Cas religion rappeler parent est saint geste.
280,124,50,2025-06-16,Remplacement,Relation réserver rapporter simplement quoi rêve voie.
281,230,26,2025-05-31,Maintenance,Quelque traîner beau diriger.
282,222,23,2025-07-03,Réparation,Fauteuil nom pluie raconter hésiter établir vieux croiser.
283,6,18,2024-07-25,Réparation,Enfance révolution horizon sortir rassurer content erreur militaire.
284,101,12,2024-12-25,Maintenance,Envelopper apercevoir emporter changement chaise doux.
285,40,13,2025-04-26,Réparation,Porter eau part mentir.
286,43,7,2024-09-11,Maintenance,Rideau ventre sortir.
287,144,41,2025-05-27,Maintenance,Neuf fonction saison fin énorme éloigner.
288,186,32,2025-10-11,Contrôle,Mesure l'une étendue.
289,105,48,2024-10-08,Contrôle,Soit as partout dix nuage sur visite.
290,14,32,2025-12-09,Réparation,Ton étrange qui.
291,190,4,2024-07-27,Réparation,Jardin bord attaquer intérieur y.
292,194,9,2025-06-15,Réparation,Presser voyage moindre permettre étranger souvenir claire intérieur.
293,278,4,2024-09-20,Maintenance,Atteindre grand satisfaire politique.
294,12,20,2026-02-16,Réparation,Sauvage accompagner accompagner tenter tuer.
295,84,12,2024-07-05,Maintenance,Content cent éclater vent en gens.
296,34,8,2025-08-06,Contrôle,Trait intention respecter continuer midi avoir.
297,73,7,2025-05-25,Maintenance,Figure source ennemi.
298,182,18,2025-02-24,Réparation,Minute ressembler sur répandre agent loin.
299,18,37,2025-06-02,Remplacement,Le remplacer retourner extraordinaire sable voiture.
300,37,49,2025-12-03,Remplacement,Lorsque selon second facile.
301,140,39,2026-03-06,Maintenance,Aile appeler rencontrer.
302,236,16,2024-05-22,Contrôle,Joli ressembler françois chasse effacer faim combien.
303,161,49,2025-08-21,Contrôle,Sien y place plein tout fatigue marcher.
304,172,34,2024-05-05,Remplacement,Siècle sentier foi siège mieux confondre tour inviter.
305,257,48,2025-01-26,Réparation,Preuve oh attention arme armer.
306,141,23,2026-01-15,Réparation,Atteindre âgé vouloir fin il l'une.
307,177,21,2024-12-08,Contrôle,Prononcer déposer succès sans supérieur fine enfermer.
308,165,34,2025-01-30,Maintenance,Mode cri acte connaître vêtir tantôt vite.
309,58,23,2025-08-08,Réparation,Obtenir accomplir bien sable.
310,128,13,2026-01-11,Réparation,Dieu fuir autant hors besoin.
311,239,10,2024-10-03,Remplacement,Examiner parfois devoir chemise essayer blanc.
312,2,45,2026-01-26,Contrôle,Journal amener saint seuil avec.
313,172,20,2024-04-04,Maintenance,Source savoir tranquille cruel voisin vers simplement.
314,180,45,2025-06-17,Maintenance,Terreur revoir odeur taire classe.
315,78,17,2024-11-30,Réparation,Chose ouvrage sable étroit envie même.
316,52,4,2024-07-22,Remplacement,Idée impossible défaut claire écraser amour.
317,84,18,2025-02-01,Contrôle,Absence combien répondre blanc âgé.
318,142,28,2024-07-06,Contrôle,Or sombre interrompre cheval art fidèle.
319,169,41,2025-02-01,Remplacement,Yeux danser inquiéter besoin essayer plaindre lors.
320,131,24,2024-11-17,Maintenance,Habiter succès vingt mauvais salle.
321,14,7,2025-10-18,Maintenance,Coucher vêtement armer grâce.
322,239,38,2024-04-19,Réparation,Énergie été page mariage signer finir mien.
323,96,4,2026-02-24,Contrôle,Muet source suivant lequel menacer jaune.
324,185,46,2025-05-23,Contrôle,Tour haine lumière adresser autrement.
325,106,12,2024-05-06,Maintenance,Pont prononcer demeurer habitude gauche.
326,146,16,2024-12-03,Contrôle,Hasard grain manquer ventre heure remarquer.
327,91,32,2024-07-06,Réparation,Valoir ciel pain penser.
328,84,35,2024-04-09,Réparation,Achever son hasard voisin eau chance.
329,187,11,2024-11-01,Réparation,Nature figure aucun aussi long appuyer.
330,241,14,2025-10-03,Réparation,Conduire profond risquer.
331,146,49,2025-07-02,Remplacement,Vite point douceur bois éviter.
332,286,8,2025-06-19,Contrôle,Bientôt résistance amener prière aucun rêve vêtement annoncer.
333,173,50,2024-06-01,Contrôle,Fil sien lequel silence exécuter nez cas.
334,88,8,2024-12-31,Contrôle,Monde briller officier grâce nombre prétendre entraîner.
335,76,40,2024-03-21,Remplacement,Note puis caractère agir est épais combat.
336,199,32,2024-05-31,Réparation,Décrire raison aucun sur.
337,147,29,2025-05-10,Réparation,Souffler préparer vol réclamer inquiéter.
338,231,45,2025-07-11,Réparation,Sérieux eau port distance passage grand.
339,3,28,2025-04-30,Réparation,Leur étrange fil nous cesser non police.
340,228,37,2024-05-21,Contrôle,Bataille être trembler.
341,197,37,2025-02-17,Réparation,Ne réserver rouler sueur réserver paysage causer.
342,299,19,2025-01-09,Réparation,Musique violent rejeter être.
343,258,20,2025-05-08,Remplacement,Hasard tempête résultat construire dormir glace.
344,259,9,2025-07-14,Remplacement,Mensonge différent livrer brusquement dernier.
345,288,19,2024-06-25,Remplacement,Facile naturel protéger doute comme voir.
346,240,48,2025-01-04,Remplacement,Arme en céder veiller.
347,147,32,2026-02-23,Maintenance,Avoir escalier désirer soulever soudain avancer nuage.
348,14,34,2024-10-02,Maintenance,Ventre eau haut chat vivre marier.
349,214,48,2025-03-24,Remplacement,Te somme ancien ne debout sérieux sauter.
350,184,44,2025-08-26,Maintenance,Éloigner confiance classe visage qui.
351,84,20,2025-06-16,Contrôle,Arrêter monter avancer plaine temps accrocher vue.
352,236,27,2025-07-02,Remplacement,Diriger prier répondre et près.
353,299,27,2024-04-07,Remplacement,Tirer sauvage un sol supérieur vol.
354,256,48,2025-04-09,Réparation,Nuit feuille plonger arbre cacher.
355,4,28,2024-03-26,Maintenance,Terminer ce sujet souvenir temps revoir.
356,274,49,2024-07-10,Contrôle,Trois montagne article.
357,284,8,2025-05-25,Réparation,Garde beaucoup seuil.
358,230,28,2025-01-05,Remplacement,Secrétaire dieu religion puissant combien âge.
359,155,26,2024-12-18,Maintenance,À retourner immobile soutenir escalier crise.
360,231,21,2025-05-22,Contrôle,Véritable selon penser ancien.
361,170,8,2024-08-01,Contrôle,Mais curiosité avant rond dessus amuser.
362,182,21,2025-05-23,Remplacement,Discussion haute chaleur mesure moment propre.
363,292,17,2025-06-15,Contrôle,Obéir pendre plusieurs résistance interrompre sous.
364,103,5,2025-03-22,Remplacement,Désert bouche théâtre lendemain presque muet champ enfermer.
365,169,38,2024-06-14,Contrôle,Chute fruit fille décider fixer soi sueur.
366,257,43,2026-03-13,Maintenance,Causer simplement militaire résoudre courir bois prêter.
367,42,22,2024-08-09,Réparation,Visible hésiter ciel sentir nuage désespoir.
368,37,15,2024-11-20,Remplacement,Art ton route retenir divers transformer éloigner fort.
369,130,44,2025-02-20,Remplacement,Présent secrétaire conversation cabinet.
370,14,29,2025-08-18,Remplacement,Éclat esprit gauche militaire loin.
371,101,31,2025-02-08,Contrôle,Mur peser appartenir.
372,217,19,2024-03-27,Contrôle,Devant espèce digne sauter jeu.
373,71,17,2025-04-28,Contrôle,Amener français étouffer.
374,249,39,2025-07-17,Remplacement,Désigner salle beau corde.
375,86,25,2025-09-20,Remplacement,Mot préparer cercle puissant être rapporter cercle.
376,209,39,2024-12-31,Maintenance,Système défendre courir présence recueillir.
377,184,47,2025-05-09,Maintenance,Effet port grand angoisse je poids.
378,10,5,2025-06-28,Maintenance,Froid prix retirer.
379,54,37,2024-04-16,Réparation,Moyen milieu promener prix alors million.
380,75,32,2024-05-12,Contrôle,Cou conscience cours proposer ensuite être être suffire.
381,186,1,2025-12-10,Remplacement,Continuer chez croiser veille politique cercle lumière.
382,133,34,2025-03-07,Réparation,Accomplir point douleur lit usage répondre obéir.
383,188,41,2025-06-04,Contrôle,Verre soit heure mauvais saisir mieux.
384,73,13,2025-08-26,Remplacement,Pourquoi doucement savoir résistance as nerveux âgé.
385,262,31,2025-03-18,Contrôle,Disparaître parcourir quinze accomplir coin attendre.
386,214,8,2024-08-24,Remplacement,Malgré sac assister succès.
387,130,35,2024-07-10,Maintenance,Feu content mot événement jouer amuser.
388,36,24,2026-01-06,Contrôle,Bien recueillir important causer avis colline jeu.
389,124,50,2025-06-13,Réparation,Français grandir reposer rêver traîner politique.
390,255,1,2026-01-15,Maintenance,Côte colère offrir mouvement monter.
391,208,36,2026-01-24,Contrôle,Préférer rang année sorte vraiment silence.
392,249,37,2025-10-20,Maintenance,Riche éclairer depuis toit.
393,72,42,2024-06-07,Contrôle,Retour vers habiter pas muet chercher droite.
394,272,23,2025-03-01,Remplacement,Lutte prince très caractère.
395,169,32,2024-05-06,Remplacement,Point prévoir aider te courage.
396,204,11,2026-02-23,Maintenance,Abandonner naissance d'autres mon oeil religion.
397,217,21,2025-10-04,Réparation,Aimer semaine armer soin égal entretenir cheval dieu.
398,110,30,2024-06-05,Remplacement,Vie vaincre interroger.
399,291,29,2024-09-28,Remplacement,D'Abord dehors rideau prouver.
400,232,34,2025-01-31,Remplacement,Emmener petit résister rideau.
